,Coefficients,Cost,Net
KitchenQual_Ex,47352.578510910900,25095,22257.5785109
FullBath,14360.5757347175,12500,1860.575
KitchenQual_Gd,11110.010590276300,6458.4,4651.61
BsmtFullBath,10865.968117953900,12500,-1634.032
BsmtFinType1_GLQ,10610.750922803000,15000,-4389.249
BsmtFinType1_ALQ,24.561579015769800,5600,-5575.43